{
  "randomised_svd": {
    "128x128": {
      "R8": {
        "mean_ms": 0.2232603495940566,
        "std_ms": 0.021336668764730945,
        "min_ms": 0.21462499898916576
      },
      "R16": {
        "mean_ms": 0.47478330006924807,
        "std_ms": 0.575092804376069,
        "min_ms": 0.33187500048370566
      },
      "R32": {
        "mean_ms": 0.9578832495208189,
        "std_ms": 0.5802632623438058,
        "min_ms": 0.6447919986385386
      },
      "R64": {
        "mean_ms": 2.5370104498506407,
        "std_ms": 2.020233699940578,
        "min_ms": 1.3688749986613402
      }
    },
    "256x256": {
      "R8": {
        "mean_ms": 0.6432541495087207,
        "std_ms": 0.24225314478584414,
        "min_ms": 0.4191250009171199
      },
      "R16": {
        "mean_ms": 0.7577395499538397,
        "std_ms": 0.31526655843176465,
        "min_ms": 0.6003329999657581
      },
      "R32": {
        "mean_ms": 1.8682332998650963,
        "std_ms": 1.4359148794827954,
        "min_ms": 1.120041999456589
      },
      "R64": {
        "mean_ms": 3.844222849875223,
        "std_ms": 1.2699141801486118,
        "min_ms": 2.6572919996397104
      }
    }
  },
  "full_svd_reference_128x128": {
    "full_svd": {
      "mean_ms": 3.1512479999946663,
      "std_ms": 1.089139205649716,
      "min_ms": 2.049208000244107
    }
  }
}